[{"word_inputted":"hello"},{"word_inputted":"next"},{"word_inputted":"food"},{"word_inputted":"love"},{"word_inputted":"happiness"},{"word_inputted":"happiness"},{"word_inputted":"love"},{"word_inputted":"love"},{"word_inputted":"brain"},{"word_inputted":"happiness"},{"word_inputted":"joy"},{"word_inputted":"emotion"},{"word_inputted":"happiness"},{"word_inputted":"communication"},{"word_inputted":"love"},{"word_inputted":"wild"},{"word_inputted":"hope"},{"word_inputted":"hope"},{"word_inputted":"hope"},{"word_inputted":"hope"},{"word_inputted":"hope"},{"word_inputted":"hope"},{"word_inputted":"hope"},{"word_inputted":"lullaby"},{"word_inputted":"car"},{"word_inputted":"wonderful"},{"word_inputted":"wonderful"},{"word_inputted":"wonderful"},{"word_inputted":"wonderful"},{"word_inputted":"sleep"},{"word_inputted":"sleep"},{"word_inputted":"soul"},{"word_inputted":"sounds"},{"word_inputted":"rhythm"},{"word_inputted":"sounds"},{"word_inputted":"instruments"},{"word_inputted":"tunes"},{"word_inputted":"sad"},{"word_inputted":"depressing"},{"word_inputted":"lonely"},{"word_inputted":"expression"},{"word_inputted":"feeling"},{"word_inputted":"purpose"},{"word_inputted":"happiness"},{"word_inputted":"escape"},{"word_inputted":"identity"},{"word_inputted":"rhythm"},{"word_inputted":"tempo"},{"word_inputted":"sounds"},{"word_inputted":"rhythm"},{"word_inputted":"tones"},{"word_inputted":"beats"},{"word_inputted":"magic"},{"word_inputted":"cheesiness"},{"word_inputted":"depression"},{"word_inputted":"depression"},{"word_inputted":"escape"},{"word_inputted":"feeling"},{"word_inputted":"alone"},{"word_inputted":"concert"},{"word_inputted":"piano"},{"word_inputted":"score"},{"word_inputted":"life"},{"word_inputted":"sensitivity"},{"word_inputted":"enclosure"},{"word_inputted":"beat"},{"word_inputted":"concert"},{"word_inputted":"DJ"},{"word_inputted":"confusion"},{"word_inputted":"classical"},{"word_inputted":"Spotify"}]